question1,question2,is_duplicate,len_q1,len_q2,diff_len,len_char_q1,len_char_q2,len_word_q1,len_word_q2,common_words,fuzz_qratio,fuzz_WRatio,fuzz_partial_ratio,fuzz_partial_token_set_ratio,fuzz_partial_token_sort_ratio,fuzz_token_set_ratio,fuzz_token_sort_ratio,wmd,norm_wmd,cosine_distance,cityblock_distance,jaccard_distance,canberra_distance,euclidean_distance,minkowski_distance,braycurtis_distance,skew_q1vec,skew_q2vec,kur_q1vec,kur_q2vec,cosSim
What is the story of Kohinoor (Koh-i-Noor) Diamond?,What would happen if the Indian government stole the Kohinoor (Koh-i-Noor) diamond back?,0,51,88,-37,21,29,8,13,5,66,86,73,100,75,86,63,3.6908708854717256,1.3693075314519882,0.5178187229587936,14.231053511961363,1.0,177.67832630953603,1.0176627236124438,0.4572720849702395,0.5990013699042911,0.008734659002965748,-0.04671038199243251,0.284009709220737,-0.11458134516504126,0.5270724758293459
How are Delhi Technological University placements?,How placements go at Delhi Technological University?,1,50,52,-2,22,22,6,7,5,74,91,79,100,94,96,94,2.3787046629290693,0.9040515132058162,0.06228344244062323,4.942758651181066,1.0,95.27160973900348,0.3529403502464492,0.15750372575196173,0.18270124114868208,0.006985444568466601,-0.007767405254806745,0.049520838849259174,0.20391170194486508,1.0
